id10270/x6uYqmx31kE/00001.wav,id10270/8jEAjG6SegY/00008.wav,id10300/ize_eiCFEg0/00003.wav,id10270_00001
id10270/x6uYqmx31kE/00002.wav,id10270/5r0dWxy17C8/00026.wav,id10285/m-uILToQ9ss/00009.wav,id10270_00002
id10271/gO805KoL2RM/00001.wav,id10271/zWyD72sHVwA/00002.wav,id10278/_a9CIdlTOr8/00001.wav,id10271_00001
id10271/gO805KoL2RM/00002.wav,id10271/zWyD72sHVwA/00004.wav,id10283/Ma_3RlzPUOM/00001.wav,id10271_00002
id10272/0qqQJVFKpbA/00001.wav,id10272/ho_r24dlPTQ/00004.wav,id10292/gm6PJowclv0/00018.wav,id10272_00001
id10272/0qqQJVFKpbA/00002.wav,id10272/ho_r24dlPTQ/00005.wav,id10275/Mdk1SXywHck/00007.wav,id10272_00002
id10273/MqKFZOAwUsg/00001.wav,id10273/eLl_yTeuaKo/00023.wav,id10300/Xroutc-3_SU/00006.wav,id10273_00001
id10273/MqKFZOAwUsg/00002.wav,id10273/5TWpQYtboq0/00010.wav,id10304/CaR6c7RO7Dc/00001.wav,id10273_00002
id10274/wH6ebv-K8AA/00001.wav,id10274/L9q6XabEpEI/00004.wav,id10305/yhQS3o0LG-8/00001.wav,id10274_00001
id10274/wH6ebv-K8AA/00002.wav,id10274/s7vZT3_8Smo/00004.wav,id10276/HrA2BLcLApA/00019.wav,id10274_00002
